<?xml version="1.0" encoding="UTF-8" ?>
<extension type="file" method="upgrade" version="2.5">
    <name>com_virtuemart - ru-RU</name>
    <version>2017-09-15-10-09-53</version>
    <creationDate>15.09.2017</creationDate>
    <author>VirtueMart language team</author>
    <authorEmail>max@virtuemart.net</authorEmail>
    <authorUrl>https://virtuemart.net</authorUrl>
    <copyright>© 2008-2017 - compojoom-com. All rights reserved!</copyright>
    <license>GNU General Public License version 2 or later; see LICENSE.txt</license>
    <packager>CTransifex</packager>
    <packagerurl>https://compojoom.com</packagerurl>
    <description>
        <![CDATA[This package was auto generated with CTransifex(https://compojoom.com). We've grabbed the latest language files for our extension from transifex.com.
        Special thanks to our translation team at (https://www.transifex.com/projects/p/virtuemart/) for helping with this VirtueMart translation!]]>
    </description>
    <fileset>
        <files folder="admin" target="administrator/language/ru-RU"><filename>ru-RU.com_virtuemart.ini</filename>
<filename>ru-RU.com_virtuemart.sys.ini</filename>
<filename>ru-RU.com_virtuemart_config.ini</filename>
<filename>ru-RU.com_virtuemart_countries.ini</filename>
<filename>ru-RU.com_virtuemart_help.ini</filename>
<filename>ru-RU.com_virtuemart_log.ini</filename>
<filename>ru-RU.com_virtuemart_media.ini</filename>
<filename>ru-RU.com_virtuemart_perms.ini</filename>
<filename>ru-RU.mod_vmmenu.ini</filename>
<filename>ru-RU.mod_vmmenu.sys.ini</filename>
<filename>ru-RU.plg_search_virtuemart.ini</filename>
<filename>ru-RU.plg_vmcustom_specification.ini</filename>
<filename>ru-RU.plg_vmcustom_specification.sys.ini</filename>
<filename>ru-RU.plg_vmcustom_stockable.ini</filename>
<filename>ru-RU.plg_vmcustom_stockable.sys.ini</filename>
<filename>ru-RU.plg_vmcustom_textinput.ini</filename>
<filename>ru-RU.plg_vmcustom_textinput.sys.ini</filename>
<filename>ru-RU.plg_vmpayment_standard.ini</filename>
<filename>ru-RU.plg_vmpayment_standard.sys.ini</filename>
<filename>ru-RU.plg_vmshipment_weight_countries.ini</filename>
<filename>ru-RU.plg_vmshipment_weight_countries.sys.ini</filename></files>
        <files folder="frontend" target="language/ru-RU"><filename>ru-RU.com_virtuemart.ini</filename>
<filename>ru-RU.com_virtuemart.sef.ini</filename>
<filename>ru-RU.com_virtuemart.sys.ini</filename>
<filename>ru-RU.com_virtuemart_orders.ini</filename>
<filename>ru-RU.com_virtuemart_shoppers.ini</filename>
<filename>ru-RU.liveupdate.ini</filename>
<filename>ru-RU.mod_virtuemart_cart.ini</filename>
<filename>ru-RU.mod_virtuemart_cart.sys.ini</filename>
<filename>ru-RU.mod_virtuemart_category.ini</filename>
<filename>ru-RU.mod_virtuemart_category.sys.ini</filename>
<filename>ru-RU.mod_virtuemart_currencies.ini</filename>
<filename>ru-RU.mod_virtuemart_currencies.sys.ini</filename>
<filename>ru-RU.mod_virtuemart_manufacturer.ini</filename>
<filename>ru-RU.mod_virtuemart_manufacturer.sys.ini</filename>
<filename>ru-RU.mod_virtuemart_product.ini</filename>
<filename>ru-RU.mod_virtuemart_product.sys.ini</filename>
<filename>ru-RU.mod_virtuemart_search.ini</filename>
<filename>ru-RU.mod_virtuemart_search.sys.ini</filename></files>
    </fileset>
</extension>